id,title,body,department,sentiment
1,Feedback senza filtri - su bagno e riordino,"Viaggio di lavoro, quindi esperienza abbastanza pratica. Su asciugamani e stanza ci sono stati problemi, e il lato comfort e da rivedere. Dopo una giornata intera fuori volevamo solo una camera a posto, e invece abbiamo trovato disordine e odori. Servizio da rivedere su piu punti. Ad oggi non me la sento di parlarne bene senza riserve.",Housekeeping,neg
2,Com'era il soggiorno,"Su attesa e fattura ci sono stati problemi, e il lato rapidità e da rivedere. Quando hai una prenotazione già confermata, dover ridire tutto tre volte stanca subito. Bilancio finale deludente. Spero migliorino perché la struttura ha potenziale.",Reception,neg
3,Così non va,"Viaggio di lavoro, quindi esperienza abbastanza pratica. La parte attesa/prenotazione non ha funzionato bene, soprattutto su chiarezza. Nel complesso esperienza sotto le aspettative. Non escludo un ritorno, ma solo con miglioramenti concreti.",Reception,neg
4,Feedback sul soggiorno,"Eravamo lì per un'occasione di famiglia e quindi ci siamo accorti di tutto. Niente da dire su check out e chiave, anche gestione reclami in linea. Siamo usciti contenti e si vede.",Reception,pos
5,Appunti sul soggiorno,"Parlo da ospite normale, non da cliente che cerca il pelo nell'uovo. Per asciugamani e riordino mi aspettavo molto di piu, male anche su igiene. Servizio da rivedere su piu punti. Non escludo un ritorno, ma solo con miglioramenti concreti.",Housekeeping,neg
6,Recensione post viaggio,"Siamo stati in struttura due notti. La parte garage/attesa mi ha convinto, soprattutto per disponibilità. Con varie richieste al volo hanno risposto bene e senza mandarci avanti e indietro. Esperienza bella piena e senza brutte sorprese. Detto questo, si poteva fare meglio in alcuni punti. Alla fine ci siamo alzati dal tavolo e dalla stanza contenti.",Reception,pos
7,Troppi problemi tutti insieme - su colazione e ristorante,"Abbiamo mangiato male perché tra porzioni sbagliate, tempi lunghi e sala confusa non ci siamo proprio. Alla fine ci è rimasta una brutta sensazione. Per correttezza, su un paio di cose si sono comportati bene.",F&B,neg
8,Esperienza bella piena,"Ho apprezzato polvere e asciugamani; sul fronte rapidità del riordino il team e stato efficace. Siamo usciti contenti e si vede. Detto questo, non è stato perfetto fino in fondo. Oltre a questo, ho notato problemi anche su colazione e aperitivo. Alla fine ci siamo alzati dal tavolo e dalla stanza contenti.",Housekeeping,pos
9,Meglio del previsto,"Ci siamo fermati solo per un fine settimana. Su materasso e polvere nessun problema, bene anche il lato pulizia. Bilancio finale buono, tornerei.",Housekeeping,pos
10,Recensione schietta,"Feedback al volo dopo il rientro. La parte letto/riordino non ha funzionato bene, soprattutto su pulizia. Mi aspettavo una gestione migliore. Così faccio fatica a consigliarlo ad amici o parenti.",Housekeeping,neg
11,Recensione post viaggio,"Feedback al volo dopo il rientro. Ho apprezzato camera pronta e documenti; sul fronte organizzazione il team e stato efficace. Esperienza positiva e abbastanza lineare. Se resta così, lo consiglio sereno.",Reception,pos
12,Troppi problemi tutti insieme - su bagno e riordino,"Viaggio corto ma abbastanza per capire come gira il posto. Per la parte housekeeping male: stanza non davvero pronta, odore fastidioso e comfort lontano da quello promesso. Sinceramente così non ci siamo. A margine segnalo anche aperitivo e glutine, non solo l'area principale.",Housekeeping,neg
13,Recensione post viaggio - sulla pulizia,"Parlo da ospite normale, non da cliente che cerca il pelo nell'uovo. Per la parte camera non ho da lamentarmi: letto rifatto bene, bagno pulito e ambiente curato. Siamo rientrati tardi e trovare camera e bagno ancora messi bene è stato un sollievo. In generale il servizio ha funzionato.",Housekeeping,pos
14,Feedback sul soggiorno,"Ci siamo fermati solo per un fine settimana. La parte asciugamani/polvere mi ha convinto, soprattutto per silenzio. Esperienza bella piena e senza brutte sorprese. Oltre a questo, ho notato problemi anche su tavolo e ristorante. Per me esperienza complessivamente valida.",Housekeeping,pos
15,Torneremmo volentieri,"Eravamo lì per un'occasione di famiglia e quindi ci siamo accorti di tutto. Ho apprezzato attesa e pagamento; sul fronte chiarezza il team e stato efficace. Onestamente lo consiglierei senza problemi. Detto questo, non tutto ha girato liscio.",Reception,pos
16,Non ci siamo proprio,"Staff cortese a parole ma poco concreto su chiave, documenti e richiesta di supporto. Alla fine ci è rimasta una brutta sensazione. A cascata ho visto pure questioni su bevande e tavolo. Spero migliorino perché la struttura ha potenziale.",Reception,neg
17,Poteva andare meglio - sull'accoglienza,"Staff cortese a parole ma poco concreto su chiave, documenti e richiesta di supporto. Con le valigie e la macchina da sistemare l'attesa in reception è pesata il doppio. Per quello che abbiamo vissuto non posso parlarne bene.",Reception,neg
18,Recensione schietta,"Siamo stati in struttura due notti. Su stanza e aria condizionata ci sono stati problemi, e il lato comfort e da rivedere. Non è andata bene, punto. Per correttezza, su un paio di cose si sono comportati bene. Oltre a questo, ho notato problemi anche su fattura e chiave.",Housekeeping,neg
19,Qualche problema di troppo,"Soggiorno breve ma intenso. Per una semplice fattura ci hanno fatto tornare più volte al desk senza risolvere subito. Dopo il viaggio non avevamo energie per fare fila al desk, ma è andata proprio così. Per quello che abbiamo vissuto non posso parlarne bene. Non escludo un ritorno, ma solo con miglioramenti concreti.",Reception,neg
20,Due righe sincere,"Siamo stati in struttura due notti. Per pranzo e cena ci aspettavamo altro: tavolo dimenticato, bevande lente e servizio troppo approssimativo. Ci sono stati troppi problemi per far finta di niente.",F&B,neg
21,Così non va,"Feedback al volo dopo il rientro. Ho trovato criticita su cornetti e lattosio, con gestione varietà poco efficace. Onestamente ci sono stati troppi intoppi.",F&B,neg
22,Recensione post viaggio,"Siamo stati in struttura due notti. Diversi intoppi su pagamento e prenotazione; il fronte organizzazione e rimasto debole. Quando hai una prenotazione già confermata, dover ridire tutto tre volte stanca subito. Bilancio finale deludente.",Reception,neg
23,Così non va - sulla stanza,"Viaggio corto ma abbastanza per capire come gira il posto. La parte letto/riordino non ha funzionato bene, soprattutto su pulizia. Alla fine ci è rimasta una brutta sensazione. Per correttezza, comunque su altri aspetti si sono mossi bene.",Housekeeping,neg
24,Commento rapido,Feedback al volo dopo il rientro. Ho apprezzato cornetti e cappuccino; sul fronte qualità il team e stato efficace. Siamo usciti contenti e si vede. Non c'era solo il tema principale: si sono messi in mezzo anche bagno e riordino. Per noi è promosso e ci tornerei volentieri.,F&B,pos
25,Com'era il soggiorno,Scrivo il feedback subito dopo il checkout. Ho apprezzato navetta e late check out; sul fronte rapidità il team e stato efficace. In generale il servizio ha funzionato. Alla fine ci siamo alzati dal tavolo e dalla stanza contenti.,F&B,pos
26,Recensione post viaggio - in ristorazione,"Recensione sincera, senza giri di parole. Ho apprezzato torta e cornetti; sul fronte servizio il team e stato efficace. Siamo usciti contenti e si vede. Detto questo, qualche inciampo c'è stato.",F&B,pos
27,Qualche problema di troppo,"Eravamo lì per un'occasione di famiglia e quindi ci siamo accorti di tutto. Per cameriere e cena mi aspettavo molto di piu, male anche su tempi di sala. Per un pranzo di famiglia ci aspettavamo più cura, non certo tempi morti e portate tiepide. Mi aspettavo una gestione migliore. Non escludo un ritorno, ma solo con miglioramenti concreti.",F&B,neg
28,Com'era il soggiorno,"Scrivo il feedback subito dopo il checkout. Per pranzo e cena ci aspettavamo altro: tavolo dimenticato, bevande lente e servizio troppo approssimativo. Con una persona anziana al tavolo il servizio lento e la confusione si sono sentiti ancora di più. Bilancio finale deludente.",F&B,neg
29,Recensione post viaggio,"Ci siamo fermati solo per un fine settimana. Ho trovato criticita su letto e asciugamani, con gestione rapidità del riordino poco efficace. Non è andata bene, punto. Così faccio fatica a consigliarlo ad amici o parenti.",Housekeeping,neg
30,Esperienza bella piena,"Check in rapido, chiave pronta e staff sveglio anche quando siamo arrivati tardi. Avevamo un treno presto e il check out rapido ci ha salvato la mattinata. Nel complesso mi sono trovato bene.",Reception,pos
31,Non proprio convincente - in camera,"Ho trovato criticita su manutenzione e aria condizionata, con gestione rapidità del riordino poco efficace. Ci sono stati troppi problemi per far finta di niente. Non escludo un ritorno, ma solo con miglioramenti concreti.",Housekeeping,neg
32,Torneremmo volentieri,"Ci siamo fermati solo per un fine settimana. Niente da dire su fattura e chiave, anche rapidità in linea. Direi promosso, anche oltre le aspettative. Detto questo, qualche passaggio è stato poco chiaro. Per noi è promosso e ci tornerei volentieri.",Reception,pos
33,Com'è andata davvero,"Ci siamo fermati solo per un fine settimana. La parte buffet/cornetti mi ha convinto, soprattutto per temperature. Bilancio finale buono, tornerei. Detto questo, qualche inciampo c'è stato. Per me esperienza complessivamente valida.",F&B,pos
34,Due righe sincere,"Feedback al volo dopo il rientro. Ho apprezzato fattura e camera pronta; sul fronte organizzazione il team e stato efficace. Alla fine ci siamo trovati proprio bene. Detto questo, peccato per alcuni dettagli da sistemare. Alla fine ci siamo alzati dal tavolo e dalla stanza contenti.",Reception,pos
35,Recensione post viaggio - su check in/out,"Su fattura e navetta nessun problema, bene anche il lato chiarezza. Bilancio finale buono, tornerei. Se mantengono questo livello, ci tornerei.",Reception,pos
36,Piacevole davvero,"Check in rapido, chiave pronta e staff sveglio anche quando siamo arrivati tardi. Esperienza bella piena e senza brutte sorprese. Il punto è che oltre al resto si sono incrociati pure tavolo e glutine. Per noi è promosso e ci tornerei volentieri.",Reception,pos
37,Due righe sincere,"Weekend veloce, recensione scritta a caldo. Per il compleanno hanno gestito torta e tavolo senza fare confusione, e tutti sono rimasti contenti. Con amici e famiglia ci siamo trovati bene perché si mangiava bene e la sala girava liscia. Esperienza positiva e abbastanza lineare. Se resta così, lo consiglio sereno.",F&B,pos
38,Esperienza da rivedere,"Staff cortese a parole ma poco concreto su chiave, documenti e richiesta di supporto. Dopo il viaggio non avevamo energie per fare fila al desk, ma è andata proprio così. Nel complesso esperienza sotto le aspettative. Per correttezza, una parte del servizio è stata curata. Non escludo un ritorno, ma solo con miglioramenti concreti.",Reception,neg
39,Non proprio convincente,"Feedback al volo dopo il rientro. Per doccia e cuscini mi aspettavo molto di piu, male anche su comfort. Nel complesso esperienza sotto le aspettative. Oltre a questo, ho notato problemi anche su navetta e chiave. Al momento non mi sento di consigliarlo senza riserve.",Housekeeping,neg
40,Weekend positivo,"Check out veloce e fattura corretta al primo colpo, che non è scontato. In generale il servizio ha funzionato. Non c'era solo il tema principale: si sono messi in mezzo anche cappuccino e buffet.",Reception,pos
41,Torneremmo volentieri,"Camera pulita sul serio, letto comodo e bagno sistemato come si deve già dal primo pomeriggio. Direi promosso, anche oltre le aspettative.",Housekeeping,pos
42,Appunti sul soggiorno,"Ho trovato criticita su parcheggio e chiave, con gestione rapidità poco efficace. Per quello che abbiamo vissuto non posso parlarne bene.",Reception,neg
43,Com'era il soggiorno,"Colazione deludente, buffet poco curato e nessuno che chiarisse bene le opzioni per allergie o intolleranze. Per un pranzo di famiglia ci aspettavamo più cura, non certo tempi morti e portate tiepide. Mi aspettavo una gestione migliore. Per correttezza, su un paio di cose si sono comportati bene. Non escludo un ritorno, ma solo con miglioramenti concreti.",F&B,neg
44,Appunti sul soggiorno,"Weekend veloce, recensione scritta a caldo. La parte menu/cornetti mi ha convinto, soprattutto per servizio. In generale il servizio ha funzionato. Se mantengono questo livello, ci tornerei.",F&B,pos
45,Com'è andata davvero,"Recensione sincera, senza giri di parole. Su pagamento e chiave nessun problema, bene anche il lato assistenza. Esperienza positiva e abbastanza lineare. Per noi è promosso e ci tornerei volentieri.",Reception,neg
46,Esperienza bella piena - sulla stanza,"Scrivo il feedback subito dopo il checkout. Si dormiva bene perché stanza, cuscini e aria condizionata erano messi a posto come ci si aspetta. Direi promosso, anche oltre le aspettative. Detto questo, qualche inciampo c'è stato.",Housekeeping,pos
47,Weekend positivo,"Parlo da ospite normale, non da cliente che cerca il pelo nell'uovo. Alla reception ci hanno preso in carico subito, con spiegazioni chiare e zero confusione. Esperienza bella piena e senza brutte sorprese.",Reception,pos
48,Qualche problema di troppo - in camera,"Weekend veloce, recensione scritta a caldo. Su materasso e aria condizionata ci sono stati problemi, e il lato silenzio e da rivedere. Per quello che abbiamo vissuto non posso parlarne bene. Così faccio fatica a consigliarlo ad amici o parenti.",Housekeeping,neg
49,Weekend positivo,"Ho apprezzato aperitivo e tavolo; sul fronte qualità il team e stato efficace. Esperienza positiva e abbastanza lineare. Detto questo, restano margini di miglioramento. Se mantengono questo livello, ci tornerei.",F&B,pos
50,Recensione schietta,"Su pagamento e attesa ci sono stati problemi, e il lato rapidità e da rivedere. Quando hai una prenotazione già confermata, dover ridire tutto tre volte stanca subito. Ci sono stati troppi problemi per far finta di niente. Al momento non mi sento di consigliarlo senza riserve.",Reception,neg
51,Weekend positivo,"Feedback al volo dopo il rientro. Appena entrati si sentiva odore di pulito, asciugamani in ordine e stanza curata senza cose lasciate a metà. Con il caldo di questi giorni avere aria condizionata e letto in ordine ci ha rimesso al mondo. Bilancio finale buono, tornerei.",Housekeeping,pos
52,Recensione post viaggio - su arrivo e partenza,"Eravamo lì per un'occasione di famiglia e quindi ci siamo accorti di tutto. Check in lento, camera non pronta e prenotazione gestita con troppa approssimazione. Quando hai una prenotazione già confermata, dover ridire tutto tre volte stanca subito. Non è andata bene, punto.",Reception,neg
53,Buona esperienza,"Su aria condizionata e bagno nessun problema, bene anche il lato silenzio. Esperienza positiva e abbastanza lineare. Direi che il soggiorno è stato centrato.",Housekeeping,neg
54,Nel complesso promosso - su cena e sala,"Viaggio corto ma abbastanza per capire come gira il posto. A colazione e a cena si mangiava bene davvero, con porzioni giuste e servizio presente. In generale il servizio ha funzionato. Detto questo, si poteva fare meglio in alcuni punti. A cascata ho visto pure questioni su odore e camera. Per me esperienza complessivamente valida.",F&B,pos
55,Commento rapido - su colazione e ristorante,"Viaggio di lavoro, quindi esperienza abbastanza pratica. La parte torta/bar mi ha convinto, soprattutto per gestione allergie. Esperienza bella piena e senza brutte sorprese. Il punto è che oltre al resto si sono incrociati pure check out e accoglienza.",F&B,pos
56,Due righe sincere,"Soggiorno breve ma intenso. Niente da dire su aperitivo e glutine, anche servizio in linea. Con amici e famiglia ci siamo trovati bene perché si mangiava bene e la sala girava liscia. Esperienza positiva e abbastanza lineare. Detto questo, peccato per alcuni dettagli da sistemare. Per me esperienza complessivamente valida.",F&B,pos
57,Esperienza bella piena,"Ci siamo fermati solo per un fine settimana. Si mangia bene sul serio, dalla colazione all'aperitivo, con buona attenzione anche alle esigenze alimentari. Alla fine ci siamo trovati proprio bene. Per noi è promosso e ci tornerei volentieri.",F&B,pos
58,Valutazione generale,"Scrivo il feedback subito dopo il checkout. Si dormiva bene perché stanza, cuscini e aria condizionata erano messi a posto come ci si aspetta. Siamo rientrati tardi e trovare camera e bagno ancora messi bene è stato un sollievo. Nel complesso mi sono trovato bene. Se resta così, lo consiglio sereno.",Housekeeping,pos
59,Recensione schietta,"Scrivo il feedback subito dopo il checkout. Ho trovato criticita su stanza e doccia, con gestione intervento tecnico poco efficace. Bilancio finale deludente.",Housekeeping,neg
60,Appunti sul soggiorno,"Soggiorno breve ma intenso. Su pranzo e ristorante nessun problema, bene anche il lato temperature. Bilancio finale buono, tornerei. Detto questo, non è stato perfetto fino in fondo. Tra l'altro e uscito anche un tema su attesa e accoglienza, quindi il caso tocca piu reparti. Direi che il soggiorno è stato centrato.",F&B,pos
61,Esperienza da rivedere,"Siamo stati in struttura due notti. La parte fattura/chiave non ha funzionato bene, soprattutto su assistenza. Per quello che abbiamo vissuto non posso parlarne bene. Per correttezza, comunque su altri aspetti si sono mossi bene. A cascata ho visto pure questioni su doccia e asciugamani. Peccato, perché il posto avrebbe pure del potenziale.",Reception,neg
62,Valutazione generale - su check in/out,"Su pagamento e attesa nessun problema, bene anche il lato rapidità. Siamo arrivati stanchi e in ritardo, ma ci hanno sbrigato tutto senza farci perdere altro tempo. Nel complesso mi sono trovato bene. Detto questo, qualche passaggio è stato poco chiaro. Se mantengono questo livello, ci tornerei.",Reception,pos
63,Feedback senza filtri,"Recensione sincera, senza giri di parole. Camera pulita sul serio, letto comodo e bagno sistemato come si deve già dal primo pomeriggio. Siamo usciti contenti e si vede. Direi che il soggiorno è stato centrato.",Housekeeping,pos
64,Com'è andata davvero,"Lo scrivo adesso perchè è ancora fresco. Per pranzo e cena ci aspettavamo altro: tavolo dimenticato, bevande lente e servizio troppo approssimativo. Con una persona anziana al tavolo il servizio lento e la confusione si sono sentiti ancora di più. Alla fine ci è rimasta una brutta sensazione. Per correttezza, comunque su altri aspetti si sono mossi bene. Così faccio fatica a consigliarlo ad amici o parenti.",F&B,neg
65,Recensione schietta,"A colazione e a cena si mangiava bene davvero, con porzioni giuste e servizio presente. A pranzo ci siamo seduti affamati e ci siamo alzati davvero soddisfatti. In generale il servizio ha funzionato. Per me esperienza complessivamente valida.",F&B,pos
66,Soggiorno piacevole,"Lo scrivo adesso perchè è ancora fresco. Camera pulita sul serio, letto comodo e bagno sistemato come si deve già dal primo pomeriggio. Con il caldo di questi giorni avere aria condizionata e letto in ordine ci ha rimesso al mondo. In generale il servizio ha funzionato.",Housekeeping,pos
67,Valutazione generale,"Weekend veloce, recensione scritta a caldo. La parte doccia/letto non ha funzionato bene, soprattutto su comfort. Servizio da rivedere su piu punti. Oltre a questo, ho notato problemi anche su glutine e cena. Peccato, perché il posto avrebbe pure del potenziale.",Housekeeping,neg
68,Nel complesso promosso - su cena e sala,"Viaggio corto ma abbastanza per capire come gira il posto. Si mangia bene sul serio, dalla colazione all'aperitivo, con buona attenzione anche alle esigenze alimentari. Siamo usciti contenti e si vede. Detto questo, restano margini di miglioramento. Se mantengono questo livello, ci tornerei.",F&B,pos
69,Feedback sul soggiorno,"Ho apprezzato odore e stanza; sul fronte rapidità del riordino il team e stato efficace. Alla fine ci siamo trovati proprio bene. Tra una cosa e l'altra sono saltati fuori pure colazione e cameriere, quindi non è solo colpa di un reparto. Direi che il soggiorno è stato centrato.",Housekeeping,pos
70,Commento rapido,"Recensione sincera, senza giri di parole. Su camera e lenzuola ci sono stati problemi, e il lato pulizia e da rivedere. Mi aspettavo una gestione migliore. Al momento non mi sento di consigliarlo senza riserve.",Housekeeping,neg
71,Male più del previsto,"Viaggio di lavoro, quindi esperienza abbastanza pratica. Staff cortese a parole ma poco concreto su chiave, documenti e richiesta di supporto. Quando hai una prenotazione già confermata, dover ridire tutto tre volte stanca subito. Per quello che abbiamo vissuto non posso parlarne bene. Spero migliorino perché la struttura ha potenziale.",Reception,neg
72,Male più del previsto,"Per pranzo e piatti mi aspettavo molto di piu, male anche su varietà. Con una persona anziana al tavolo il servizio lento e la confusione si sono sentiti ancora di più. Bilancio finale deludente.",F&B,neg
73,Così non va,"Viaggio corto ma abbastanza per capire come gira il posto. La parte odore/materasso non ha funzionato bene, soprattutto su comfort. Dopo una giornata intera fuori volevamo solo una camera a posto, e invece abbiamo trovato disordine e odori. Sinceramente così non ci siamo. Per correttezza, su un paio di cose si sono comportati bene. Spero migliorino perché la struttura ha potenziale.",Housekeeping,neg
74,Appunti sul soggiorno - sulla pulizia,"Viaggio di lavoro, quindi esperienza abbastanza pratica. Per la parte camera non ho da lamentarmi: letto rifatto bene, bagno pulito e ambiente curato. Esperienza bella piena e senza brutte sorprese. Direi che il soggiorno è stato centrato.",Housekeeping,pos
75,Esperienza storta - sulla pulizia,"Viaggio di lavoro, quindi esperienza abbastanza pratica. Diversi intoppi su stanza e bagno; il fronte pulizia e rimasto debole. Dopo una giornata intera fuori volevamo solo una camera a posto, e invece abbiamo trovato disordine e odori. Onestamente ci sono stati troppi intoppi. Spero migliorino perché la struttura ha potenziale.",Housekeeping,neg
76,Recensione schietta,"Viaggio corto ma abbastanza per capire come gira il posto. Ristorante promosso: menu chiaro, piatti saporiti e cameriere attento senza essere invadente. Direi promosso, anche oltre le aspettative. Direi che il soggiorno è stato centrato.",F&B,pos
77,Appunti sul soggiorno,"Soggiorno breve ma intenso. La parte doccia/polvere mi ha convinto, soprattutto per silenzio. Eravamo con un bimbo piccolo e poter entrare in una stanza già davvero in ordine ha fatto la differenza. Esperienza bella piena e senza brutte sorprese. Se mantengono questo livello, ci tornerei.",Housekeeping,pos
78,Qualche problema di troppo,"Lo scrivo adesso perchè è ancora fresco. Su cappuccino e lattosio ci sono stati problemi, e il lato tempi di sala e da rivedere. Mi aspettavo una gestione migliore. Per correttezza, almeno il personale ha provato a rimediare. Tra l'altro e uscito anche un tema su lenzuola e polvere, quindi il caso tocca piu reparti. Peccato, perché il posto avrebbe pure del potenziale.",F&B,neg
79,Posto promosso sul serio,"Siamo stati in struttura due notti. Per accoglienza e attesa davvero bene, con disponibilità gestito in modo ordinato. Esperienza positiva e abbastanza lineare. Detto questo, peccato per alcuni dettagli da sistemare. Si sono incrociati pure aspetti su ristorante e buffet, da coordinare internamente. Per me esperienza complessivamente valida.",Reception,pos
80,Appunti sul soggiorno,"Weekend veloce, recensione scritta a caldo. Per camera pronta e chiave mi aspettavo molto di piu, male anche su assistenza. Mi aspettavo una gestione migliore. Per correttezza, su un paio di cose si sono comportati bene. Peccato, perché il posto avrebbe pure del potenziale.",Reception,neg
81,Com'era il soggiorno,"Feedback al volo dopo il rientro. Su glutine e ristorante ci sono stati problemi, e il lato qualità e da rivedere. Con una persona anziana al tavolo il servizio lento e la confusione si sono sentiti ancora di più. Onestamente ci sono stati troppi intoppi.",F&B,neg
82,Piacevole davvero,"Soggiorno breve ma intenso. Per la parte camera non ho da lamentarmi: letto rifatto bene, bagno pulito e ambiente curato. Siamo rientrati tardi e trovare camera e bagno ancora messi bene è stato un sollievo. In generale il servizio ha funzionato. Se mantengono questo livello, ci tornerei.",Housekeeping,pos
83,Buona esperienza - su cena e sala,"Niente da dire su menu e piatti, anche gestione allergie in linea. A pranzo ci siamo seduti affamati e ci siamo alzati davvero soddisfatti. Per noi è andata bene davvero. Alla fine ci siamo alzati dal tavolo e dalla stanza contenti.",F&B,pos
84,Valutazione generale,"Ci siamo fermati solo per un fine settimana. La parte manutenzione/asciugamani non ha funzionato bene, soprattutto su silenzio. Arrivando stanchi la sera, trovare il bagno in quelle condizioni ha peggiorato tutto il soggiorno. Non è andata bene, punto. Per correttezza, su un paio di cose si sono comportati bene. Ad oggi non me la sento di parlarne bene senza riserve.",Housekeeping,neg
85,Recensione post viaggio,"Recensione sincera, senza giri di parole. Ho apprezzato menu e bar; sul fronte servizio il team e stato efficace. Direi promosso, anche oltre le aspettative. Detto questo, in certe fasce orarie il servizio rallenta.",F&B,pos
86,Valutazione generale - su check in/out,"Parlo da ospite normale, non da cliente che cerca il pelo nell'uovo. Per una semplice fattura ci hanno fatto tornare più volte al desk senza risolvere subito. Mi aspettavo una gestione migliore. Per correttezza, non tutto era da buttare. Si sono incrociati pure aspetti su piatti e aperitivo, da coordinare internamente. Peccato, perché il posto avrebbe pure del potenziale.",Reception,neg
87,Due righe sincere,"Viaggio corto ma abbastanza per capire come gira il posto. Su prenotazione, documenti e parcheggio e filato tutto liscio senza code inutili. Con varie richieste al volo hanno risposto bene e senza mandarci avanti e indietro. Esperienza positiva e abbastanza lineare. Detto questo, qualche passaggio è stato poco chiaro. Per me esperienza complessivamente valida.",Reception,pos
88,Com'è andata davvero,"Eravamo lì per un'occasione di famiglia e quindi ci siamo accorti di tutto. Cena da rivedere: cameriere in affanno, piatti arrivati freddi e conto gestito male. Nel complesso esperienza sotto le aspettative. Il punto è che oltre al resto si sono incrociati pure materasso e odore. Al momento non mi sento di consigliarlo senza riserve.",F&B,neg
89,Piacevole davvero - su colazione e ristorante,"Ci siamo fermati solo per un fine settimana. Per lattosio e cornetti davvero bene, con temperature gestito in modo ordinato. A pranzo ci siamo seduti affamati e ci siamo alzati davvero soddisfatti. Bilancio finale buono, tornerei. Si sono incrociati pure aspetti su materasso e stanza, da coordinare internamente. Per me esperienza complessivamente valida.",F&B,pos
90,Posto promosso sul serio,"Scrivo il feedback subito dopo il checkout. Per la parte camera non ho da lamentarmi: letto rifatto bene, bagno pulito e ambiente curato. Con il caldo di questi giorni avere aria condizionata e letto in ordine ci ha rimesso al mondo. Direi promosso, anche oltre le aspettative.",Housekeeping,pos
91,Due righe sincere,"Eravamo lì per un'occasione di famiglia e quindi ci siamo accorti di tutto. Ho trovato criticita su tavolo e cornetti, con gestione servizio poco efficace. Con una persona anziana al tavolo il servizio lento e la confusione si sono sentiti ancora di più. Sinceramente così non ci siamo. Per correttezza, per onestà qualcosa di buono c'era. Spero migliorino perché la struttura ha potenziale.",F&B,neg
92,Com'era il soggiorno,"Per la parte housekeeping male: stanza non davvero pronta, odore fastidioso e comfort lontano da quello promesso. Non è andata bene, punto. Ad oggi non me la sento di parlarne bene senza riserve.",Housekeeping,neg
93,Valutazione generale,"Per letto e riordino davvero bene, con rapidità del riordino gestito in modo ordinato. In generale il servizio ha funzionato. Il punto è che oltre al resto si sono incrociati pure cameriere e porzioni.",Housekeeping,pos
94,Posto promosso sul serio - sulla pulizia,"Weekend veloce, recensione scritta a caldo. Per riordino e camera davvero bene, con silenzio gestito in modo ordinato. Direi promosso, anche oltre le aspettative. Direi che il soggiorno è stato centrato.",Housekeeping,pos
95,Recensione post viaggio,"Per navetta e garage mi aspettavo molto di piu, male anche su disponibilità. Quando hai una prenotazione già confermata, dover ridire tutto tre volte stanca subito. Non è andata bene, punto.",Reception,neg
96,Torneremmo volentieri - sull'accoglienza,"Recensione sincera, senza giri di parole. Check in rapido, chiave pronta e staff sveglio anche quando siamo arrivati tardi. Siamo arrivati stanchi e in ritardo, ma ci hanno sbrigato tutto senza farci perdere altro tempo. Siamo usciti contenti e si vede. Per me esperienza complessivamente valida.",Reception,pos
97,Male più del previsto,"Lo scrivo adesso perchè è ancora fresco. La parte cappuccino/bevande non ha funzionato bene, soprattutto su tempi di sala. Bilancio finale deludente. Così faccio fatica a consigliarlo ad amici o parenti.",F&B,pos
98,Valutazione generale,"Weekend veloce, recensione scritta a caldo. Diversi intoppi su cuscini e bagno; il fronte igiene e rimasto debole. Non è andata bene, punto. Si sono incrociati pure aspetti su lattosio e cena, da coordinare internamente.",Housekeeping,neg
99,Torneremmo volentieri,Ho apprezzato camera pronta e garage; sul fronte organizzazione il team e stato efficace. Esperienza positiva e abbastanza lineare. A cascata ho visto pure questioni su letto e lenzuola. Direi che il soggiorno è stato centrato.,Reception,pos
100,Recensione schietta,"Scrivo il feedback subito dopo il checkout. Per bar e bevande mi aspettavo molto di piu, male anche su servizio. Sinceramente così non ci siamo. Al momento non mi sento di consigliarlo senza riserve.",F&B,neg
101,Feedback sul soggiorno,"Bagno e camera erano davvero a livello: tutto pulito, niente odori strani e manutenzione fatta bene. Eravamo con un bimbo piccolo e poter entrare in una stanza già davvero in ordine ha fatto la differenza. Onestamente lo consiglierei senza problemi. Detto questo, non tutto ha girato liscio. Per noi è promosso e ci tornerei volentieri.",Housekeeping,pos
102,Poteva andare meglio,"Pulizia sotto tono: polvere sugli appoggi, bagno poco convincente e manutenzione lenta. Onestamente ci sono stati troppi intoppi. Oltre a questo, ho notato problemi anche su pranzo e cappuccino. Non escludo un ritorno, ma solo con miglioramenti concreti.",Housekeeping,neg
103,Esperienza storta,"Weekend veloce, recensione scritta a caldo. Diversi intoppi su prenotazione e parcheggio; il fronte assistenza e rimasto debole. Sinceramente così non ci siamo. Tra una cosa e l'altra sono saltati fuori pure asciugamani e materasso, quindi non è solo colpa di un reparto.",Reception,neg
104,Esperienza bella piena - su cena e sala,"Lo scrivo adesso perchè è ancora fresco. Abbiamo mangiato assai e bene: piatti curati, sala tranquilla e tempi sensati. Con amici e famiglia ci siamo trovati bene perché si mangiava bene e la sala girava liscia. Nel complesso mi sono trovato bene.",F&B,pos
105,Due righe sincere,"Recensione sincera, senza giri di parole. Per il compleanno hanno gestito torta e tavolo senza fare confusione, e tutti sono rimasti contenti. A pranzo ci siamo seduti affamati e ci siamo alzati davvero soddisfatti. Nel complesso mi sono trovato bene. Si sono incrociati pure aspetti su manutenzione e odore, da coordinare internamente. Per me esperienza complessivamente valida.",F&B,pos
106,Com'era il soggiorno,"Parlo da ospite normale, non da cliente che cerca il pelo nell'uovo. A tavola male: piatti tiepidi, attese lunghe e servizio che si perdeva tra un tavolo e l'altro. Per un pranzo di famiglia ci aspettavamo più cura, non certo tempi morti e portate tiepide. Alla fine ci è rimasta una brutta sensazione. Per correttezza, per onestà qualcosa di buono c'era.",F&B,neg
107,Valutazione generale - su cena e sala,"A tavola male: piatti tiepidi, attese lunghe e servizio che si perdeva tra un tavolo e l'altro. Bilancio finale deludente.",F&B,neg
108,Recensione schietta - in ristorazione,Ci siamo fermati solo per un fine settimana. Diversi intoppi su glutine e aperitivo; il fronte servizio e rimasto debole. Eravamo a tavola per stare tranquilli e invece tra attese e piatti sbagliati si è rovinato il momento. Per quello che abbiamo vissuto non posso parlarne bene.,F&B,neg
109,Troppi problemi tutti insieme - in camera,"Riordino fatto male, letto sistemato in fretta e bagno lasciato con dettagli che non dovrebbero esserci. Per quello che abbiamo vissuto non posso parlarne bene.",Housekeeping,neg
110,Non proprio convincente - alla reception,"Scrivo il feedback subito dopo il checkout. Ho trovato criticita su chiave e accoglienza, con gestione gestione reclami poco efficace. Onestamente ci sono stati troppi intoppi.",Reception,neg
111,Nel complesso promosso,"Si dormiva bene perché stanza, cuscini e aria condizionata erano messi a posto come ci si aspetta. Onestamente lo consiglierei senza problemi.",Housekeeping,pos
112,Troppi problemi tutti insieme,"Parlo da ospite normale, non da cliente che cerca il pelo nell'uovo. Su pagamento e chiave ci sono stati problemi, e il lato gestione reclami e da rivedere. Non è andata bene, punto.",Reception,neg
113,Non proprio convincente - su colazione e ristorante,"Recensione sincera, senza giri di parole. Per ristorante e porzioni mi aspettavo molto di piu, male anche su qualità. Per un pranzo di famiglia ci aspettavamo più cura, non certo tempi morti e portate tiepide. Mi aspettavo una gestione migliore. Non escludo un ritorno, ma solo con miglioramenti concreti.",F&B,neg
114,Appunti sul soggiorno,"Lo scrivo adesso perchè è ancora fresco. Ho trovato criticita su doccia e cuscini, con gestione rapidità del riordino poco efficace. Arrivando stanchi la sera, trovare il bagno in quelle condizioni ha peggiorato tutto il soggiorno. Per quello che abbiamo vissuto non posso parlarne bene. Il punto è che oltre al resto si sono incrociati pure check out e chiave. Così faccio fatica a consigliarlo ad amici o parenti.",Housekeeping,pos
115,Com'era il soggiorno - sulla pulizia,"Diversi intoppi su manutenzione e riordino; il fronte rapidità del riordino e rimasto debole. Non è andata bene, punto. Per correttezza, una parte del servizio è stata curata.",Housekeeping,neg
116,Com'era il soggiorno,"Lo scrivo adesso perchè è ancora fresco. Staff cortese a parole ma poco concreto su chiave, documenti e richiesta di supporto. Sinceramente così non ci siamo.",Reception,pos
117,Recensione post viaggio,"Parlo da ospite normale, non da cliente che cerca il pelo nell'uovo. Niente da dire su documenti e garage, anche gestione reclami in linea. Bilancio finale buono, tornerei. Oltre a questo, ho notato problemi anche su camera e doccia.",Reception,pos
118,Recensione post viaggio,"Weekend veloce, recensione scritta a caldo. Su prenotazione, documenti e parcheggio e filato tutto liscio senza code inutili. Siamo usciti contenti e si vede.",Reception,pos
119,Soggiorno piacevole,"Per il compleanno hanno gestito torta e tavolo senza fare confusione, e tutti sono rimasti contenti. Direi promosso, anche oltre le aspettative. Detto questo, qualche passaggio è stato poco chiaro. Direi che il soggiorno è stato centrato.",F&B,pos
120,Buona esperienza,"Parlo da ospite normale, non da cliente che cerca il pelo nell'uovo. Check in rapido, chiave pronta e staff sveglio anche quando siamo arrivati tardi. Avevamo un treno presto e il check out rapido ci ha salvato la mattinata. Nel complesso mi sono trovato bene. Direi che il soggiorno è stato centrato.",Reception,pos
121,Feedback sul soggiorno,"Ci siamo fermati solo per un fine settimana. In stanza abbiamo trovato polvere, bagno sistemato male e un odore che non passava nemmeno con la finestra aperta. Mi aspettavo una gestione migliore. Non escludo un ritorno, ma solo con miglioramenti concreti.",Housekeeping,neg
122,Sotto le aspettative,"Scrivo il feedback subito dopo il checkout. Diversi intoppi su cena e piatti; il fronte gestione allergie e rimasto debole. Per quello che abbiamo vissuto non posso parlarne bene. Si sono incrociati pure aspetti su late check out e pagamento, da coordinare internamente. Peccato, perché il posto avrebbe pure del potenziale.",F&B,neg
123,Non ci siamo proprio,"Lo scrivo adesso perchè è ancora fresco. Su garage e attesa ci sono stati problemi, e il lato chiarezza e da rivedere. Dopo il viaggio non avevamo energie per fare fila al desk, ma è andata proprio così. Servizio da rivedere su piu punti. Si sono incrociati pure aspetti su ristorante e menu, da coordinare internamente. Ad oggi non me la sento di parlarne bene senza riserve.",Reception,neg
124,Meglio del previsto,"Check out veloce e fattura corretta al primo colpo, che non è scontato. Siamo usciti contenti e si vede.",Reception,pos
125,Troppi problemi tutti insieme,"Parlo da ospite normale, non da cliente che cerca il pelo nell'uovo. Su prenotazione e camera pronta ci sono stati problemi, e il lato assistenza e da rivedere. Ci sono stati troppi problemi per far finta di niente. Al momento non mi sento di consigliarlo senza riserve.",Reception,pos
126,Recensione post viaggio,"Siamo stati in struttura due notti. Alla reception ci hanno preso in carico subito, con spiegazioni chiare e zero confusione. Per noi è andata bene davvero. Detto questo, non è stato perfetto fino in fondo.",Reception,pos
127,Due righe sincere,"Lo scrivo adesso perchè è ancora fresco. Su colazione e tavolo nessun problema, bene anche il lato servizio. Alla fine ci siamo trovati proprio bene. Detto questo, si poteva fare meglio in alcuni punti. Direi che il soggiorno è stato centrato.",F&B,pos
128,Com'era il soggiorno,"Eravamo lì per un'occasione di famiglia e quindi ci siamo accorti di tutto. Su cappuccino e cornetti ci sono stati problemi, e il lato qualità e da rivedere. Per un pranzo di famiglia ci aspettavamo più cura, non certo tempi morti e portate tiepide. Nel complesso esperienza sotto le aspettative. Per correttezza, almeno il personale ha provato a rimediare.",F&B,neg
129,Qualche problema di troppo,"Soggiorno breve ma intenso. Ho trovato criticita su menu e pranzo, con gestione gestione allergie poco efficace. Eravamo a tavola per stare tranquilli e invece tra attese e piatti sbagliati si è rovinato il momento. Ci sono stati troppi problemi per far finta di niente. Non escludo un ritorno, ma solo con miglioramenti concreti.",F&B,neg
130,Sotto le aspettative,"Viaggio di lavoro, quindi esperienza abbastanza pratica. Cena da rivedere: cameriere in affanno, piatti arrivati freddi e conto gestito male. Per un pranzo di famiglia ci aspettavamo più cura, non certo tempi morti e portate tiepide. Servizio da rivedere su piu punti. Per correttezza, per onestà qualcosa di buono c'era.",F&B,neg
131,Meglio del previsto,"Weekend veloce, recensione scritta a caldo. Ristorante promosso: menu chiaro, piatti saporiti e cameriere attento senza essere invadente. Esperienza positiva e abbastanza lineare. Direi che il soggiorno è stato centrato.",F&B,pos
132,Valutazione generale,"Lo scrivo adesso perchè è ancora fresco. Su prenotazione, documenti e parcheggio e filato tutto liscio senza code inutili. Con varie richieste al volo hanno risposto bene e senza mandarci avanti e indietro. Direi promosso, anche oltre le aspettative.",Reception,pos
133,Posto promosso sul serio,"Su check out e navetta nessun problema, bene anche il lato assistenza. Siamo arrivati stanchi e in ritardo, ma ci hanno sbrigato tutto senza farci perdere altro tempo. Bilancio finale buono, tornerei. Alla fine ci siamo alzati dal tavolo e dalla stanza contenti.",Reception,pos
134,Due righe sincere,"Recensione sincera, senza giri di parole. Diversi intoppi su torta e cappuccino; il fronte qualità e rimasto debole. Eravamo a tavola per stare tranquilli e invece tra attese e piatti sbagliati si è rovinato il momento. Servizio da rivedere su piu punti. Per correttezza, su un paio di cose si sono comportati bene. Il punto è che oltre al resto si sono incrociati pure odore e cuscini. Spero migliorino perché la struttura ha potenziale.",F&B,neg
135,Commento rapido,"Scrivo il feedback subito dopo il checkout. Per garage e chiave mi aspettavo molto di piu, male anche su organizzazione. Non è andata bene, punto. Per correttezza, su un paio di cose si sono comportati bene. Si sono incrociati pure aspetti su pranzo e aperitivo, da coordinare internamente. Spero migliorino perché la struttura ha potenziale.",Reception,neg
136,Così non va - in camera,"Viaggio di lavoro, quindi esperienza abbastanza pratica. Su lenzuola e manutenzione ci sono stati problemi, e il lato intervento tecnico e da rivedere. Alla fine ci è rimasta una brutta sensazione. Per correttezza, una parte del team ha provato davvero a metterci una pezza. Così faccio fatica a consigliarlo ad amici o parenti.",Housekeeping,neg
137,Posto promosso sul serio,"Viaggio di lavoro, quindi esperienza abbastanza pratica. La parte polvere/odore mi ha convinto, soprattutto per rapidità del riordino. Esperienza positiva e abbastanza lineare. Detto questo, qualche passaggio è stato poco chiaro.",Housekeeping,pos
138,Male più del previsto - in ristorazione,"Eravamo lì per un'occasione di famiglia e quindi ci siamo accorti di tutto. Ho trovato criticita su tavolo e bevande, con gestione varietà poco efficace. Onestamente ci sono stati troppi intoppi.",F&B,neg
139,Com'è andata davvero,"Ho trovato criticita su ristorante e colazione, con gestione varietà poco efficace. Con una persona anziana al tavolo il servizio lento e la confusione si sono sentiti ancora di più. Sinceramente così non ci siamo. Ad oggi non me la sento di parlarne bene senza riserve.",F&B,neg
140,Com'era il soggiorno,"In stanza abbiamo trovato polvere, bagno sistemato male e un odore che non passava nemmeno con la finestra aperta. Alla fine ci è rimasta una brutta sensazione. Per correttezza, va detto che lo staff è stato gentile. Non escludo un ritorno, ma solo con miglioramenti concreti.",Housekeeping,neg
141,Poteva andare meglio,"Lo scrivo adesso perchè è ancora fresco. Su buffet e bevande ci sono stati problemi, e il lato varietà e da rivedere. Nel complesso esperienza sotto le aspettative. Così faccio fatica a consigliarlo ad amici o parenti.",F&B,neg
142,Male più del previsto,"Feedback al volo dopo il rientro. Colazione deludente, buffet poco curato e nessuno che chiarisse bene le opzioni per allergie o intolleranze. Per un pranzo di famiglia ci aspettavamo più cura, non certo tempi morti e portate tiepide. Per quello che abbiamo vissuto non posso parlarne bene.",F&B,pos
143,Ci siamo trovati bene,"Viaggio corto ma abbastanza per capire come gira il posto. Su buffet e porzioni nessun problema, bene anche il lato servizio. Eravamo a festeggiare un compleanno e la nonna è rimasta contenta di torta, tavolo e atmosfera. Direi promosso, anche oltre le aspettative. Non c'era solo il tema principale: si sono messi in mezzo anche check out e check in. Se mantengono questo livello, ci tornerei.",F&B,pos
144,Non proprio convincente,"Parlo da ospite normale, non da cliente che cerca il pelo nell'uovo. La parte aria condizionata/polvere non ha funzionato bene, soprattutto su intervento tecnico. Arrivando stanchi la sera, trovare il bagno in quelle condizioni ha peggiorato tutto il soggiorno. Servizio da rivedere su piu punti. Così faccio fatica a consigliarlo ad amici o parenti.",Housekeeping,neg
145,Due righe sincere,"Feedback al volo dopo il rientro. La parte cena/buffet non ha funzionato bene, soprattutto su qualità. Eravamo a tavola per stare tranquilli e invece tra attese e piatti sbagliati si è rovinato il momento. Alla fine ci è rimasta una brutta sensazione. Per correttezza, almeno il personale ha provato a rimediare. Non escludo un ritorno, ma solo con miglioramenti concreti.",F&B,neg
146,Meglio del previsto,"Per cuscini e riordino davvero bene, con comfort gestito in modo ordinato. Esperienza positiva e abbastanza lineare. Per me esperienza complessivamente valida.",Housekeeping,pos
147,Buona esperienza - sull'accoglienza,"Siamo stati in struttura due notti. Ho apprezzato garage e attesa; sul fronte rapidità il team e stato efficace. Direi promosso, anche oltre le aspettative. Detto questo, non tutto ha girato liscio.",Reception,pos
148,Com'era il soggiorno,"Recensione sincera, senza giri di parole. Niente da dire su colazione e porzioni, anche gestione allergie in linea. In generale il servizio ha funzionato.",F&B,pos
149,Commento rapido - in ristorazione,"Recensione sincera, senza giri di parole. La parte cornetti/porzioni mi ha convinto, soprattutto per temperature. Siamo usciti contenti e si vede.",F&B,pos
150,Torneremmo volentieri,"Feedback al volo dopo il rientro. Per cornetti e tavolo davvero bene, con qualità gestito in modo ordinato. A pranzo ci siamo seduti affamati e ci siamo alzati davvero soddisfatti. Bilancio finale buono, tornerei. Detto questo, non è stato perfetto fino in fondo. Direi che il soggiorno è stato centrato.",F&B,pos
151,Due righe sincere,"Weekend veloce, recensione scritta a caldo. Per odore e lenzuola mi aspettavo molto di piu, male anche su igiene. Dopo una giornata intera fuori volevamo solo una camera a posto, e invece abbiamo trovato disordine e odori. Alla fine ci è rimasta una brutta sensazione.",Housekeeping,neg
152,Non ci siamo proprio - su bagno e riordino,"Ci siamo fermati solo per un fine settimana. La parte aria condizionata/riordino non ha funzionato bene, soprattutto su comfort. Per quello che abbiamo vissuto non posso parlarne bene. Si sono incrociati pure aspetti su fattura e pagamento, da coordinare internamente. Spero migliorino perché la struttura ha potenziale.",F&B,neg
153,Valutazione generale,"Parlo da ospite normale, non da cliente che cerca il pelo nell'uovo. La parte bar/menu mi ha convinto, soprattutto per servizio. Nel complesso mi sono trovato bene.",F&B,pos
154,Com'era il soggiorno,"Viaggio di lavoro, quindi esperienza abbastanza pratica. Camera pulita sul serio, letto comodo e bagno sistemato come si deve già dal primo pomeriggio. Esperienza bella piena e senza brutte sorprese. Detto questo, qualche inciampo c'è stato. Se mantengono questo livello, ci tornerei.",Housekeeping,pos
155,Com'era il soggiorno,"Viaggio di lavoro, quindi esperienza abbastanza pratica. La parte check in/prenotazione non ha funzionato bene, soprattutto su organizzazione. Servizio da rivedere su piu punti. Per correttezza, una parte del team ha provato davvero a metterci una pezza. Oltre a questo, ho notato problemi anche su ristorante e tavolo. Ad oggi non me la sento di parlarne bene senza riserve.",Reception,neg
156,Due righe sincere - alla reception,"Siamo stati in struttura due notti. Arrivo e partenza gestiti male: coda, poca chiarezza e tempo perso inutilmente. Servizio da rivedere su piu punti. Per correttezza, non tutto era da buttare. Non escludo un ritorno, ma solo con miglioramenti concreti.",Reception,neg
157,Recensione schietta,"Viaggio di lavoro, quindi esperienza abbastanza pratica. Sul lato ristorazione esperienza fiacca, con menu poco chiaro e qualità sotto tono. Eravamo a tavola per stare tranquilli e invece tra attese e piatti sbagliati si è rovinato il momento. Nel complesso esperienza sotto le aspettative. Per correttezza, non tutto era da buttare. Così faccio fatica a consigliarlo ad amici o parenti.",F&B,pos
158,Recensione schietta - sulla stanza,"Soggiorno breve ma intenso. La parte riordino/camera mi ha convinto, soprattutto per pulizia. Nel complesso mi sono trovato bene. Per me esperienza complessivamente valida.",Housekeeping,pos
159,Meglio del previsto - sulla pulizia,"Eravamo lì per un'occasione di famiglia e quindi ci siamo accorti di tutto. Bagno e camera erano davvero a livello: tutto pulito, niente odori strani e manutenzione fatta bene. Eravamo con un bimbo piccolo e poter entrare in una stanza già davvero in ordine ha fatto la differenza. Siamo usciti contenti e si vede. Il punto è che oltre al resto si sono incrociati pure cornetti e tavolo.",Housekeeping,pos
160,Feedback senza filtri,"Weekend veloce, recensione scritta a caldo. Su navetta e garage nessun problema, bene anche il lato rapidità. Siamo usciti contenti e si vede. Detto questo, qualche inciampo c'è stato. Per noi è promosso e ci tornerei volentieri.",Reception,pos
161,Recensione schietta - sulla stanza,"Su lenzuola e cuscini ci sono stati problemi, e il lato igiene e da rivedere. Arrivando stanchi la sera, trovare il bagno in quelle condizioni ha peggiorato tutto il soggiorno. Nel complesso esperienza sotto le aspettative.",Housekeeping,neg
162,Male più del previsto - su colazione e ristorante,"A tavola male: piatti tiepidi, attese lunghe e servizio che si perdeva tra un tavolo e l'altro. Servizio da rivedere su piu punti.",F&B,neg
163,Sotto le aspettative - su check in/out,"Ci siamo fermati solo per un fine settimana. Arrivo e partenza gestiti male: coda, poca chiarezza e tempo perso inutilmente. Alla fine ci è rimasta una brutta sensazione. Per correttezza, per onestà qualcosa di buono c'era. Spero migliorino perché la struttura ha potenziale.",Reception,neg
164,Posto promosso sul serio,"Ci siamo fermati solo per un fine settimana. A colazione e a cena si mangiava bene davvero, con porzioni giuste e servizio presente. Nel complesso mi sono trovato bene. Detto questo, si poteva fare meglio in alcuni punti. Per me esperienza complessivamente valida.",F&B,pos
165,Feedback senza filtri,"La parte pagamento/navetta non ha funzionato bene, soprattutto su assistenza. Non è andata bene, punto. Non escludo un ritorno, ma solo con miglioramenti concreti.",Reception,neg
166,Posto promosso sul serio,"Viaggio corto ma abbastanza per capire come gira il posto. La parte porzioni/torta mi ha convinto, soprattutto per varietà. Nel complesso mi sono trovato bene. Se resta così, lo consiglio sereno.",F&B,neg
167,Troppi problemi tutti insieme,"Siamo stati in struttura due notti. Sul lato ristorazione esperienza fiacca, con menu poco chiaro e qualità sotto tono. Con una persona anziana al tavolo il servizio lento e la confusione si sono sentiti ancora di più. Ci sono stati troppi problemi per far finta di niente. A cascata ho visto pure questioni su letto e cuscini. Non escludo un ritorno, ma solo con miglioramenti concreti.",F&B,neg
168,Buona esperienza,"Feedback al volo dopo il rientro. Alla reception ci hanno preso in carico subito, con spiegazioni chiare e zero confusione. Siamo arrivati stanchi e in ritardo, ma ci hanno sbrigato tutto senza farci perdere altro tempo. Esperienza positiva e abbastanza lineare. Detto questo, restano margini di miglioramento.",Reception,pos
169,Ci siamo trovati bene - sulla stanza,"Recensione sincera, senza giri di parole. Niente da dire su polvere e letto, anche pulizia in linea. Per noi è andata bene davvero.",Housekeeping,pos
170,Due righe sincere,"Viaggio di lavoro, quindi esperienza abbastanza pratica. La parte tavolo/piatti mi ha convinto, soprattutto per qualità. Esperienza bella piena e senza brutte sorprese. Se resta così, lo consiglio sereno.",F&B,pos
171,Feedback senza filtri,"Su cornetti e bevande ci sono stati problemi, e il lato temperature e da rivedere. Per quello che abbiamo vissuto non posso parlarne bene. Peccato, perché il posto avrebbe pure del potenziale.",F&B,neg
172,Posto promosso sul serio,"Ho apprezzato manutenzione e cuscini; sul fronte pulizia il team e stato efficace. Eravamo con un bimbo piccolo e poter entrare in una stanza già davvero in ordine ha fatto la differenza. Nel complesso mi sono trovato bene. Detto questo, si poteva fare meglio in alcuni punti. Per noi è promosso e ci tornerei volentieri.",Housekeeping,pos
173,Commento rapido,"Viaggio di lavoro, quindi esperienza abbastanza pratica. Ho trovato criticita su pranzo e bevande, con gestione temperature poco efficace. Eravamo a tavola per stare tranquilli e invece tra attese e piatti sbagliati si è rovinato il momento. Nel complesso esperienza sotto le aspettative.",F&B,neg
174,Due righe sincere,"Per lattosio e ristorante davvero bene, con varietà gestito in modo ordinato. A pranzo ci siamo seduti affamati e ci siamo alzati davvero soddisfatti. Nel complesso mi sono trovato bene.",F&B,pos
175,Com'è andata davvero,"Lo scrivo adesso perchè è ancora fresco. Su parcheggio e documenti nessun problema, bene anche il lato assistenza. Con varie richieste al volo hanno risposto bene e senza mandarci avanti e indietro. Esperienza bella piena e senza brutte sorprese. Direi che il soggiorno è stato centrato.",Reception,neg
176,Appunti sul soggiorno,"Weekend veloce, recensione scritta a caldo. Su glutine e cappuccino ci sono stati problemi, e il lato servizio e da rivedere. Ci sono stati troppi problemi per far finta di niente. Per correttezza, una parte del team ha provato davvero a metterci una pezza. Così faccio fatica a consigliarlo ad amici o parenti.",F&B,neg
177,Com'è andata davvero - sull'accoglienza,"Niente da dire su parcheggio e attesa, anche chiarezza in linea. Esperienza bella piena e senza brutte sorprese. Detto questo, restano margini di miglioramento.",Reception,pos
178,Piacevole davvero,"Eravamo lì per un'occasione di famiglia e quindi ci siamo accorti di tutto. Niente da dire su letto e camera, anche igiene in linea. Bilancio finale buono, tornerei. Alla fine ci siamo alzati dal tavolo e dalla stanza contenti.",Reception,pos
179,Esperienza bella piena,"Recensione sincera, senza giri di parole. Per cuscini e lenzuola davvero bene, con comfort gestito in modo ordinato. Esperienza positiva e abbastanza lineare. Detto questo, si poteva fare meglio in alcuni punti. Alla fine ci siamo alzati dal tavolo e dalla stanza contenti.",Housekeeping,pos
180,Due righe sincere,"Viaggio di lavoro, quindi esperienza abbastanza pratica. Alla reception ci hanno preso in carico subito, con spiegazioni chiare e zero confusione. Avevamo un treno presto e il check out rapido ci ha salvato la mattinata. Onestamente lo consiglierei senza problemi. Per me esperienza complessivamente valida.",Reception,pos
181,Ci siamo trovati bene - in camera,"Feedback al volo dopo il rientro. Camera pulita sul serio, letto comodo e bagno sistemato come si deve già dal primo pomeriggio. Eravamo con un bimbo piccolo e poter entrare in una stanza già davvero in ordine ha fatto la differenza. Onestamente lo consiglierei senza problemi.",Housekeeping,pos
182,Nel complesso promosso,"La parte manutenzione/lenzuola mi ha convinto, soprattutto per comfort. Esperienza positiva e abbastanza lineare. Se resta così, lo consiglio sereno.",Housekeeping,pos
183,Torneremmo volentieri,"Scrivo il feedback subito dopo il checkout. Per odore e riordino davvero bene, con rapidità del riordino gestito in modo ordinato. Con il caldo di questi giorni avere aria condizionata e letto in ordine ci ha rimesso al mondo. Siamo usciti contenti e si vede. Oltre a questo, ho notato problemi anche su late check out e documenti. Se mantengono questo livello, ci tornerei.",Housekeeping,pos
184,Commento rapido,"Siamo stati in struttura due notti. Alla reception c'era confusione, attesa lunga e informazioni cambiate più di una volta. Ci sono stati troppi problemi per far finta di niente. Si sono incrociati pure aspetti su materasso e riordino, da coordinare internamente.",Reception,neg
185,Così non va,"Soggiorno breve ma intenso. Su documenti e prenotazione ci sono stati problemi, e il lato assistenza e da rivedere. Quando hai una prenotazione già confermata, dover ridire tutto tre volte stanca subito. Non è andata bene, punto. Per correttezza, comunque su altri aspetti si sono mossi bene. Si sono incrociati pure aspetti su bar e cornetti, da coordinare internamente. Così faccio fatica a consigliarlo ad amici o parenti.",Reception,neg
186,Recensione post viaggio,"Per una semplice fattura ci hanno fatto tornare più volte al desk senza risolvere subito. Quando hai una prenotazione già confermata, dover ridire tutto tre volte stanca subito. Sinceramente così non ci siamo. Per correttezza, su un paio di cose si sono comportati bene.",Reception,neg
187,Soggiorno piacevole,"Viaggio corto ma abbastanza per capire come gira il posto. La parte asciugamani/polvere mi ha convinto, soprattutto per rapidità del riordino. Onestamente lo consiglierei senza problemi.",Housekeeping,pos
188,Due righe sincere,"Siamo stati in struttura due notti. La parte check out/check in non ha funzionato bene, soprattutto su gestione reclami. Quando hai una prenotazione già confermata, dover ridire tutto tre volte stanca subito. Per quello che abbiamo vissuto non posso parlarne bene. A cascata ho visto pure questioni su glutine e pranzo. Non escludo un ritorno, ma solo con miglioramenti concreti.",Reception,neg
189,Due righe sincere,"Parlo da ospite normale, non da cliente che cerca il pelo nell'uovo. Per late check out e accoglienza davvero bene, con disponibilità gestito in modo ordinato. Bilancio finale buono, tornerei. Detto questo, qualche passaggio è stato poco chiaro. Il punto è che oltre al resto si sono incrociati pure colazione e buffet. Direi che il soggiorno è stato centrato.",Reception,pos
190,Feedback senza filtri,"Eravamo lì per un'occasione di famiglia e quindi ci siamo accorti di tutto. Niente da dire su prenotazione e documenti, anche rapidità in linea. Per noi è andata bene davvero. Per noi è promosso e ci tornerei volentieri.",Reception,pos
191,Com'è andata davvero,"Weekend veloce, recensione scritta a caldo. La parte cornetti/torta mi ha convinto, soprattutto per varietà. Esperienza positiva e abbastanza lineare. Se mantengono questo livello, ci tornerei.",F&B,neg
192,Recensione schietta - su cena e sala,"Lo scrivo adesso perchè è ancora fresco. Niente da dire su ristorante e menu, anche temperature in linea. Bilancio finale buono, tornerei. Alla fine ci siamo alzati dal tavolo e dalla stanza contenti.",F&B,pos
193,Esperienza storta - su cena e sala,"Su lattosio e aperitivo ci sono stati problemi, e il lato temperature e da rivedere. Sinceramente così non ci siamo. Peccato, perché il posto avrebbe pure del potenziale.",F&B,neg
194,Commento rapido,"La parte polvere/manutenzione non ha funzionato bene, soprattutto su rapidità del riordino. Ci sono stati troppi problemi per far finta di niente. Per correttezza, su un paio di cose si sono comportati bene. Non c'era solo il tema principale: si sono messi in mezzo anche cappuccino e cena. Ad oggi non me la sento di parlarne bene senza riserve.",Housekeeping,neg
195,Feedback sul soggiorno,"Ci siamo fermati solo per un fine settimana. La notte è stata pesante per via di rumore, aria condizionata ballerina e sensazione generale di poca cura. Onestamente ci sono stati troppi intoppi.",Housekeeping,neg
196,Valutazione generale,"Feedback al volo dopo il rientro. Per arrivo e partenza davvero bene: reception presente, disponibile e chiara. Direi promosso, anche oltre le aspettative. Detto questo, si poteva fare meglio in alcuni punti. A margine segnalo anche aria condizionata e letto, non solo l'area principale. Per me esperienza complessivamente valida.",Reception,pos
197,Poteva andare meglio,"Siamo stati in struttura due notti. Cena da rivedere: cameriere in affanno, piatti arrivati freddi e conto gestito male. Sinceramente così non ci siamo. Per correttezza, va detto che lo staff è stato gentile.",F&B,neg
198,Feedback sul soggiorno,"Diversi intoppi su asciugamani e aria condizionata; il fronte comfort e rimasto debole. Servizio da rivedere su piu punti. Per correttezza, una parte del team ha provato davvero a metterci una pezza. Spero migliorino perché la struttura ha potenziale.",Housekeeping,neg
199,Non ci siamo proprio,"Parlo da ospite normale, non da cliente che cerca il pelo nell'uovo. Ho trovato criticita su torta e tavolo, con gestione qualità poco efficace. Non è andata bene, punto. Così faccio fatica a consigliarlo ad amici o parenti.",F&B,neg
200,Piacevole davvero,"Abbiamo mangiato assai e bene: piatti curati, sala tranquilla e tempi sensati. Per noi è andata bene davvero.",F&B,pos
201,Commento rapido,"Cena da rivedere: cameriere in affanno, piatti arrivati freddi e conto gestito male. Ci sono stati troppi problemi per far finta di niente. Spero migliorino perché la struttura ha potenziale.",F&B,neg
202,Com'è andata davvero,"Weekend veloce, recensione scritta a caldo. Per chiave e garage mi aspettavo molto di piu, male anche su disponibilità. Bilancio finale deludente. Al momento non mi sento di consigliarlo senza riserve.",Reception,neg
203,Ci siamo trovati bene,"Camera pulita sul serio, letto comodo e bagno sistemato come si deve già dal primo pomeriggio. Esperienza bella piena e senza brutte sorprese. A margine segnalo anche cappuccino e cena, non solo l'area principale. Alla fine ci siamo alzati dal tavolo e dalla stanza contenti.",Housekeeping,neg
204,Com'era il soggiorno - su colazione e ristorante,"Viaggio di lavoro, quindi esperienza abbastanza pratica. Su tavolo e piatti nessun problema, bene anche il lato gestione allergie. Esperienza positiva e abbastanza lineare. Detto questo, in certe fasce orarie il servizio rallenta.",F&B,pos
205,Due righe sincere - sulla stanza,"Siamo stati in struttura due notti. Diversi intoppi su odore e polvere; il fronte pulizia e rimasto debole. Sinceramente così non ci siamo. Per correttezza, per onestà qualcosa di buono c'era. Spero migliorino perché la struttura ha potenziale.",Housekeeping,neg
206,Recensione post viaggio,"Viaggio corto ma abbastanza per capire come gira il posto. Per ristorante e cameriere davvero bene, con gestione allergie gestito in modo ordinato. Onestamente lo consiglierei senza problemi. Se mantengono questo livello, ci tornerei.",F&B,pos
207,Valutazione generale,"Ci siamo fermati solo per un fine settimana. La parte piatti/bevande mi ha convinto, soprattutto per tempi di sala. Nel complesso mi sono trovato bene. Detto questo, restano margini di miglioramento.",F&B,pos
208,Com'era il soggiorno,"Feedback al volo dopo il rientro. Alla reception c'era confusione, attesa lunga e informazioni cambiate più di una volta. Mi aspettavo una gestione migliore. Ad oggi non me la sento di parlarne bene senza riserve.",Reception,neg
209,Non ci siamo proprio - sulla pulizia,"Parlo da ospite normale, non da cliente che cerca il pelo nell'uovo. Per odore e riordino mi aspettavo molto di piu, male anche su rapidità del riordino. Bilancio finale deludente.",Housekeeping,neg
210,Commento rapido,"Viaggio corto ma abbastanza per capire come gira il posto. Per check out e accoglienza mi aspettavo molto di piu, male anche su assistenza. Con le valigie e la macchina da sistemare l'attesa in reception è pesata il doppio. Ci sono stati troppi problemi per far finta di niente. Per correttezza, almeno il personale ha provato a rimediare. Tra una cosa e l'altra sono saltati fuori pure bar e bevande, quindi non è solo colpa di un reparto. Così faccio fatica a consigliarlo ad amici o parenti.",Reception,neg
211,Recensione post viaggio,"Arrivo e partenza gestiti male: coda, poca chiarezza e tempo perso inutilmente. Onestamente ci sono stati troppi intoppi. Per correttezza, su un paio di cose si sono comportati bene. Non escludo un ritorno, ma solo con miglioramenti concreti.",Reception,neg
212,Recensione schietta,Lo scrivo adesso perchè è ancora fresco. Diversi intoppi su navetta e camera pronta; il fronte gestione reclami e rimasto debole. Con le valigie e la macchina da sistemare l'attesa in reception è pesata il doppio. Bilancio finale deludente. A cascata ho visto pure questioni su cuscini e odore. Spero migliorino perché la struttura ha potenziale.,Reception,neg
213,Male più del previsto,"Viaggio di lavoro, quindi esperienza abbastanza pratica. Ho trovato criticita su odore e materasso, con gestione igiene poco efficace. Per quello che abbiamo vissuto non posso parlarne bene.",Housekeeping,neg
214,Appunti sul soggiorno,"Scrivo il feedback subito dopo il checkout. Per pranzo e torta davvero bene, con varietà gestito in modo ordinato. A pranzo ci siamo seduti affamati e ci siamo alzati davvero soddisfatti. Alla fine ci siamo trovati proprio bene. Alla fine ci siamo alzati dal tavolo e dalla stanza contenti.",F&B,pos
215,Com'era il soggiorno - su check in/out,"Eravamo lì per un'occasione di famiglia e quindi ci siamo accorti di tutto. Niente da dire su check out e late check out, anche chiarezza in linea. Con varie richieste al volo hanno risposto bene e senza mandarci avanti e indietro. Siamo usciti contenti e si vede.",Reception,pos
216,Due righe sincere,"Lo scrivo adesso perchè è ancora fresco. Su piatti e aperitivo ci sono stati problemi, e il lato varietà e da rivedere. Per quello che abbiamo vissuto non posso parlarne bene. Per correttezza, su un paio di cose si sono comportati bene.",F&B,neg
217,Non proprio convincente,"Soggiorno breve ma intenso. Riordino fatto male, letto sistemato in fretta e bagno lasciato con dettagli che non dovrebbero esserci. Con una bambina piccola una stanza così poco curata si nota subito e pesa parecchio. Ci sono stati troppi problemi per far finta di niente. Tra una cosa e l'altra sono saltati fuori pure torta e lattosio, quindi non è solo colpa di un reparto. Spero migliorino perché la struttura ha potenziale.",Housekeeping,neg
218,Recensione post viaggio,"Siamo stati in struttura due notti. Camera pulita sul serio, letto comodo e bagno sistemato come si deve già dal primo pomeriggio. Bilancio finale buono, tornerei. Detto questo, restano margini di miglioramento. Alla fine ci siamo alzati dal tavolo e dalla stanza contenti.",Housekeeping,pos
219,Feedback sul soggiorno - sulla stanza,"Lo scrivo adesso perchè è ancora fresco. La parte letto/stanza non ha funzionato bene, soprattutto su pulizia. Arrivando stanchi la sera, trovare il bagno in quelle condizioni ha peggiorato tutto il soggiorno. Onestamente ci sono stati troppi intoppi.",Housekeeping,pos
220,Weekend positivo,"Eravamo lì per un'occasione di famiglia e quindi ci siamo accorti di tutto. Per arrivo e partenza davvero bene: reception presente, disponibile e chiara. Con varie richieste al volo hanno risposto bene e senza mandarci avanti e indietro. Onestamente lo consiglierei senza problemi. Detto questo, non è stato perfetto fino in fondo. Se resta così, lo consiglio sereno.",Reception,pos
221,Piacevole davvero,"Siamo stati in struttura due notti. Camera pulita sul serio, letto comodo e bagno sistemato come si deve già dal primo pomeriggio. Bilancio finale buono, tornerei.",Housekeeping,pos
222,Ci siamo trovati bene - su check in/out,"Weekend veloce, recensione scritta a caldo. Per camera pronta e attesa davvero bene, con disponibilità gestito in modo ordinato. Alla fine ci siamo trovati proprio bene. Detto questo, restano margini di miglioramento. Direi che il soggiorno è stato centrato.",Reception,pos
223,Feedback senza filtri,"Per arrivo e partenza davvero bene: reception presente, disponibile e chiara. Con varie richieste al volo hanno risposto bene e senza mandarci avanti e indietro. Nel complesso mi sono trovato bene.",Reception,pos
224,Due righe sincere,"Weekend veloce, recensione scritta a caldo. La parte manutenzione/letto non ha funzionato bene, soprattutto su igiene. Servizio da rivedere su piu punti.",Housekeeping,neg
225,Commento rapido - su colazione e ristorante,"Eravamo lì per un'occasione di famiglia e quindi ci siamo accorti di tutto. Su glutine e ristorante nessun problema, bene anche il lato tempi di sala. A pranzo ci siamo seduti affamati e ci siamo alzati davvero soddisfatti. Esperienza bella piena e senza brutte sorprese. Detto questo, restano margini di miglioramento. A margine segnalo anche polvere e odore, non solo l'area principale. Se resta così, lo consiglio sereno.",Housekeeping,pos
226,Non proprio convincente,"Eravamo lì per un'occasione di famiglia e quindi ci siamo accorti di tutto. Per aria condizionata e bagno mi aspettavo molto di piu, male anche su intervento tecnico. Dopo una giornata intera fuori volevamo solo una camera a posto, e invece abbiamo trovato disordine e odori. Non è andata bene, punto. Non escludo un ritorno, ma solo con miglioramenti concreti.",Housekeeping,neg
227,Qualche problema di troppo,"Ci siamo fermati solo per un fine settimana. Colazione deludente, buffet poco curato e nessuno che chiarisse bene le opzioni per allergie o intolleranze. Servizio da rivedere su piu punti. Per correttezza, non tutto era da buttare. Il punto è che oltre al resto si sono incrociati pure documenti e fattura. Non escludo un ritorno, ma solo con miglioramenti concreti.",F&B,pos
228,Male più del previsto,"La parte check out/documenti non ha funzionato bene, soprattutto su assistenza. Con le valigie e la macchina da sistemare l'attesa in reception è pesata il doppio. Non è andata bene, punto. Per correttezza, una parte del team ha provato davvero a metterci una pezza. Peccato, perché il posto avrebbe pure del potenziale.",Reception,neg
229,Piacevole davvero,"Scrivo il feedback subito dopo il checkout. Riordino fatto bene ogni giorno, niente polvere sugli appoggi e doccia finalmente in ordine. Alla fine ci siamo trovati proprio bene. Detto questo, non è stato perfetto fino in fondo. Se resta così, lo consiglio sereno.",Housekeeping,pos
230,Due righe sincere,"Viaggio corto ma abbastanza per capire come gira il posto. Colazione deludente, buffet poco curato e nessuno che chiarisse bene le opzioni per allergie o intolleranze. Per un pranzo di famiglia ci aspettavamo più cura, non certo tempi morti e portate tiepide. Onestamente ci sono stati troppi intoppi. Per correttezza, una parte del servizio è stata curata.",F&B,neg
231,Qualche problema di troppo,"Scrivo il feedback subito dopo il checkout. Sul fronte reception male soprattutto per l'attesa e per come hanno gestito la prenotazione. Dopo il viaggio non avevamo energie per fare fila al desk, ma è andata proprio così. Onestamente ci sono stati troppi intoppi. Peccato, perché il posto avrebbe pure del potenziale.",Reception,neg
232,Recensione post viaggio,"Niente da dire su chiave e accoglienza, anche rapidità in linea. Alla fine ci siamo trovati proprio bene. Detto questo, si poteva fare meglio in alcuni punti. Se resta così, lo consiglio sereno.",Reception,pos
233,Recensione schietta,"Siamo stati in struttura due notti. Abbiamo mangiato male perché tra porzioni sbagliate, tempi lunghi e sala confusa non ci siamo proprio. Bilancio finale deludente. Per correttezza, su un paio di cose si sono comportati bene. Tra una cosa e l'altra sono saltati fuori pure riordino e odore, quindi non è solo colpa di un reparto. Spero migliorino perché la struttura ha potenziale.",F&B,neg
234,Non proprio convincente,"Viaggio corto ma abbastanza per capire come gira il posto. Check in lento, camera non pronta e prenotazione gestita con troppa approssimazione. Alla fine ci è rimasta una brutta sensazione. Non escludo un ritorno, ma solo con miglioramenti concreti.",Reception,neg
235,Com'è andata davvero,"Parlo da ospite normale, non da cliente che cerca il pelo nell'uovo. Riordino fatto male, letto sistemato in fretta e bagno lasciato con dettagli che non dovrebbero esserci. Onestamente ci sono stati troppi intoppi. Non escludo un ritorno, ma solo con miglioramenti concreti.",Housekeeping,neg
236,Recensione post viaggio,"Ci siamo fermati solo per un fine settimana. La parte manutenzione/polvere mi ha convinto, soprattutto per intervento tecnico. Onestamente lo consiglierei senza problemi. Detto questo, peccato per alcuni dettagli da sistemare. Per noi è promosso e ci tornerei volentieri.",Housekeeping,pos
237,Ci siamo trovati bene,"Ci hanno gestito bene dal primo minuto, anche con una richiesta extra sul late check out. In generale il servizio ha funzionato. Detto questo, non è stato perfetto fino in fondo. Se mantengono questo livello, ci tornerei.",Reception,pos
238,Due righe sincere,"Eravamo lì per un'occasione di famiglia e quindi ci siamo accorti di tutto. Su cappuccino e porzioni ci sono stati problemi, e il lato servizio e da rivedere. Onestamente ci sono stati troppi intoppi.",F&B,neg
239,Così non va - in camera,"La notte è stata pesante per via di rumore, aria condizionata ballerina e sensazione generale di poca cura. Dopo una giornata intera fuori volevamo solo una camera a posto, e invece abbiamo trovato disordine e odori. Per quello che abbiamo vissuto non posso parlarne bene. Spero migliorino perché la struttura ha potenziale.",Housekeeping,pos
240,Com'è andata davvero,"Weekend veloce, recensione scritta a caldo. Staff cortese a parole ma poco concreto su chiave, documenti e richiesta di supporto. Dopo il viaggio non avevamo energie per fare fila al desk, ma è andata proprio così. Sinceramente così non ci siamo.",Reception,neg
241,Nel complesso promosso,"Soggiorno breve ma intenso. Per riordino e stanza davvero bene, con rapidità del riordino gestito in modo ordinato. Alla fine ci siamo trovati proprio bene. Direi che il soggiorno è stato centrato.",Housekeeping,neg
242,Nel complesso promosso - in ristorazione,"Lo scrivo adesso perchè è ancora fresco. A colazione e a cena si mangiava bene davvero, con porzioni giuste e servizio presente. A pranzo ci siamo seduti affamati e ci siamo alzati davvero soddisfatti. Direi promosso, anche oltre le aspettative. Detto questo, non tutto ha girato liscio. Per me esperienza complessivamente valida.",F&B,pos
243,Soggiorno piacevole,"Niente da dire su cuscini e letto, anche silenzio in linea. Alla fine ci siamo trovati proprio bene. Non c'era solo il tema principale: si sono messi in mezzo anche prenotazione e late check out. Per noi è promosso e ci tornerei volentieri.",Housekeeping,pos
244,Feedback senza filtri,Viaggio corto ma abbastanza per capire come gira il posto. Sul fronte reception male soprattutto per l'attesa e per come hanno gestito la prenotazione. Bilancio finale deludente.,Reception,neg
245,Commento rapido,"Per letto e bagno davvero bene, con igiene gestito in modo ordinato. Esperienza positiva e abbastanza lineare. Detto questo, qualche passaggio è stato poco chiaro. Per me esperienza complessivamente valida.",Housekeeping,pos
246,Valutazione generale,"Arrivo e partenza gestiti male: coda, poca chiarezza e tempo perso inutilmente. Per quello che abbiamo vissuto non posso parlarne bene. Per correttezza, su un paio di cose si sono comportati bene.",Reception,neg
247,Esperienza bella piena,"Weekend veloce, recensione scritta a caldo. La parte navetta/chiave mi ha convinto, soprattutto per rapidità. Siamo arrivati stanchi e in ritardo, ma ci hanno sbrigato tutto senza farci perdere altro tempo. Per noi è andata bene davvero. Detto questo, qualche passaggio è stato poco chiaro. Se mantengono questo livello, ci tornerei.",Reception,pos
248,Feedback senza filtri - su cena e sala,"Viaggio di lavoro, quindi esperienza abbastanza pratica. Su pranzo e aperitivo nessun problema, bene anche il lato gestione allergie. Esperienza positiva e abbastanza lineare. Direi che il soggiorno è stato centrato.",F&B,pos
249,Soggiorno piacevole,"Viaggio corto ma abbastanza per capire come gira il posto. Per stanza e odore davvero bene, con igiene gestito in modo ordinato. Siamo rientrati tardi e trovare camera e bagno ancora messi bene è stato un sollievo. Direi promosso, anche oltre le aspettative.",Housekeeping,pos
250,Non proprio convincente,"Viaggio di lavoro, quindi esperienza abbastanza pratica. Riordino fatto male, letto sistemato in fretta e bagno lasciato con dettagli che non dovrebbero esserci. Onestamente ci sono stati troppi intoppi. Al momento non mi sento di consigliarlo senza riserve.",Housekeeping,neg
